4a740182-bebd-41cf-bc60-3cdfc92eccb0,K76CTwGkxD5x,0,2025/03/18 10:47,2025/03/18 10:47
f95f0978-de29-412e-8337-39d4ffe3e6bd,ikNKuKxmhdNG,0,2025/03/19 10:47,2025/03/19 10:47
6fb3a0d8-c8f8-4f7f-a8ec-2eff21329bd2,JwuvERomxmQH,0,2025/03/20 10:47,2025/03/20 10:47
fa4be244-031e-4a45-819d-8e45d05ef17c,HlSx8yvgXhtV,0,2025/03/21 10:47,2025/03/21 10:47
82eac980-769c-45e9-81fd-e8a949f589de,lVWB5ctBkMF0,0,2025/03/22 10:47,2025/03/22 10:47
29fc7378-ca63-4954-bd20-98e14c1a68c9,yrXMbPOJL4Vp,0,2025/03/23 10:47,2025/03/23 10:47
ad8a7e88-9796-4869-82fc-c5bc742c70ca,C4U39lI9atrX,0,2025/03/24 10:47,2025/03/24 10:47
1f9ebb3f-cfe8-4cef-8740-21f898d3d934,2buiVyKLdLid,0,2025/03/25 10:47,2025/03/25 10:47
4dc19a51-ddc3-4d21-b139-e0efbd1cc975,SpmhQ1gxPjdj,0,2025/03/26 10:47,2025/03/26 10:47
001fb547-e0e6-4e0d-a80d-34e9f9bb40b0,pjbrk3A3Dw2V,0,2025/03/27 10:47,2025/03/27 10:47
1d33aed5-39d7-470a-9230-cb55521b84b9,P5O3cugEFJyC,0,2025/03/28 10:47,2025/03/28 10:47
4087b174-9c29-4d6e-8c02-06bc86c7e1c7,OsyvTQIXJTLi,0,2025/03/29 10:47,2025/03/29 10:47
0607f42a-73a3-4e70-a5a7-9da0ebc01007,0vhy8dLB5E5y,0,2025/03/30 10:47,2025/03/30 10:47
2b707e37-6723-4fd5-8674-db7e67882938,VcEZHMLfjKKw,0,2025/03/31 10:47,2025/03/31 10:47
dae2ee9e-5cf4-4c13-a15f-bc39c25323e2,aAuORlrUoPtl,0,2025/04/01 10:47,2025/04/01 10:47
2dd9421c-a6f1-4b69-b510-f9d05b253c58,UgHohf2VT9IJ,0,2025/04/02 10:47,2025/04/02 10:47
a676d5c6-ef2d-439f-b043-be934dbb9f75,jkeZ2rKBYBAv,0,2025/04/03 10:47,2025/04/03 10:47
fa90e7cf-1357-446c-9a32-95556a3efbef,dixBb4aUOHJt,0,2025/04/04 10:47,2025/04/04 10:47
5e25b948-0b21-4303-a077-e5b858066b4f,8hyZDHA3tC83,0,2025/04/05 10:47,2025/04/05 10:47
1539e70d-caed-45d3-ac59-df3e625f2c96,Oc2RtxXHMsQV,0,2025/04/06 10:47,2025/04/06 10:47
65df8e4d-ad7e-4361-a240-e417554f1461,VOu1PnfuNIbI,0,2025/04/07 10:47,2025/04/07 10:47
67c69afb-dc64-42a0-9656-427c7429848e,1aMoBcSN8zL4,0,2025/04/08 10:47,2025/04/08 10:47
cc384a3b-4f92-4ded-bd58-26edc17d0e5f,UookQQ3QKlUI,0,2025/04/09 10:47,2025/04/09 10:47
e70a1516-0d42-4700-9148-a67497097aca,YHbRfvTZCctm,0,2025/04/10 10:47,2025/04/10 10:47
038a67e7-1a5f-4c7c-b760-3fc433278523,4dcTSnXaSYny,0,2025/04/11 10:47,2025/04/11 10:47
9d0e8d16-571c-468a-ad43-198187abe2fd,c9PO99QkM66H,0,2025/04/12 10:47,2025/04/12 10:47
e065538e-9ca9-4832-a61e-68961ebad402,sFRnrGMCZe0a,0,2025/04/13 10:47,2025/04/13 10:47
1813cf8e-bb62-4f91-9f47-61ad010ac470,vY1843CLIqJB,0,2025/04/14 10:47,2025/04/14 10:47
b96ed20d-e584-40bd-96cc-915bf7e32381,9vni2YaN7waf,0,2025/04/15 10:47,2025/04/15 10:47
8269a5fd-ce9e-4dcd-9a16-8f324eb9c190,D53dWkJW2I0h,0,2025/04/16 10:47,2025/04/16 10:47
e14710dd-f231-4a02-a6b6-1e33631c3cad,AHeuCUei7Nka,0,2025/04/17 10:47,2025/04/17 10:47
69894424-3f1f-4d24-a226-12f0df88a843,JMdOB7QEfBf6,0,2025/04/18 10:47,2025/04/18 10:47
4d70bdd4-9064-4a84-b036-adc189cd527b,s0tmuPLfGu43,0,2025/04/19 10:47,2025/04/19 10:47
115bba60-5621-4fa1-811b-5391cd78a4c8,heuqQWPWl5cw,0,2025/04/20 10:47,2025/04/20 10:47
0f270240-da76-4c25-bbd1-9f17d5054a5a,YrZn7SKhETLP,0,2025/04/21 10:47,2025/04/21 10:47
66ca6cb0-b915-49e9-bbbc-9ad6a0b17b53,PVYv6qmeRYJK,0,2025/04/22 10:47,2025/04/22 10:47
83eac826-6fed-42a4-95df-ae107704d071,36MMMGAKJkaB,0,2025/04/23 10:47,2025/04/23 10:47
b98a1682-4f48-4a8d-899e-907db848f207,zQDplkaSlui0,0,2025/04/24 10:47,2025/04/24 10:47
dc56403b-23e0-45b3-b69f-2ec6fa99aec9,4BuwCybZq2ta,0,2025/04/25 10:47,2025/04/25 10:47
c3cf0846-3759-445f-a55d-f5991a77e3a7,3Kdb8QNsfYcB,0,2025/04/26 10:47,2025/04/26 10:47
28bcefa9-48b9-49dd-aef1-19b01c9c2562,vkdCPaOrhAWC,0,2025/04/27 10:47,2025/04/27 10:47
c0ea65b3-9423-4dc4-baba-3a0099f324bf,sChan2Ik6pAn,0,2025/04/28 10:47,2025/04/28 10:47
36339f8f-0e64-435e-b1dd-db8aed7aee21,qOyGcwhkeZJz,0,2025/04/29 10:47,2025/04/29 10:47
897e9807-47f2-4771-a238-fa51e722774a,zabKGIOpRy18,0,2025/04/30 10:47,2025/04/30 10:47
9ae14891-7a5d-4c66-8f85-ab2d3815ee3d,QGfYyaPqDod1,0,2025/05/01 10:47,2025/05/01 10:47
5a77f5c8-e147-4bb1-a120-98795449c64d,cIakhwF74fpb,0,2025/05/02 10:47,2025/05/02 10:47
b00c00fd-aad9-46b0-ab22-dca4863006ba,bpo8gLH7VSyW,0,2025/05/03 10:47,2025/05/03 10:47
e04c0ee5-6d23-4178-9a7a-3ccf44effef9,c1M0F3JKQbKX,0,2025/05/04 10:47,2025/05/04 10:47
9e8c944e-78ec-4d1a-b431-9cbf878d7ecc,MBwfSFhEM4qs,0,2025/05/05 10:47,2025/05/05 10:47
de1a242f-0c1b-4056-b4c7-2d71b0996dee,kGIvTm12AFYa,0,2025/05/06 10:47,2025/05/06 10:47
